"","playerID","OBP","AB","salary"
"2","heltoto01",0.431654676258993,587,4950000
"3","berkmla01",0.430232558139535,577,305000
"4","gonzalu01",0.428571428571429,609,4833333
